Id,ActivityDate,TotalDistance,VeryActiveDistance,ModeratelyActiveDistance,LightActiveDistance,SedentaryActiveDistance,Calories
8877689391,2016-04-22,16.3099994659424,10.2299995422363,0.0299999993294477,5.96999979019165,0.0500000007450581,3427
8877689391,2016-05-09,18.25,11.1000003814697,0.800000011920929,6.23999977111816,0.0500000007450581,3710
4020332650,2016-05-03,3.22000002861023,0.0,0.0,3.15000009536743,0.0500000007450581,2828
4020332650,2016-05-10,3.98000001907349,0.0,0.0,3.86999988555908,0.0399999991059303,2926
4020332650,2016-05-05,8.43000030517578,2.61999988555908,1.67999994754791,4.03999996185303,0.0700000002980232,3429
6962181067,2016-04-21,9.71000003814697,3.99000000953674,2.09999990463257,3.50999999046326,0.109999999403954,2179
6962181067,2016-04-25,9.27000045776367,3.01999998092651,1.67999994754791,4.46000003814697,0.100000001490116,2194
8053475328,2016-05-01,0.850000023841858,0.0,0.0,0.850000023841858,0.0,1886
8053475328,2016-05-02,1.42999994754791,0.0,0.0,1.42999994754791,0.0,1988
8053475328,2016-04-30,5.59000015258789,2.99000000953674,0.0599999986588955,2.53999996185303,0.0,2408
8053475328,2016-04-22,8.28999996185303,6.26000022888184,0.150000005960464,1.87999999523163,0.0,2655
8053475328,2016-04-14,15.9700002670288,12.3400001525879,0.209999993443489,3.35999989509583,0.0,3411
8053475328,2016-04-20,12.1899995803833,9.57999992370605,0.230000004172325,2.38000011444092,0.0,3043
8053475328,2016-04-26,9.61999988555908,6.30999994277954,0.200000002980232,3.09999990463257,0.0,2846
8053475328,2016-04-16,11.1099996566772,9.35999965667725,0.270000010728836,1.49000000953674,0.0,2867
8053475328,2016-04-18,12.6599998474121,9.07999992370605,0.230000004172325,3.34999990463257,0.0,3133
8053475328,2016-04-21,12.5100002288818,9.67000007629395,0.25,2.57999992370605,0.0,3103
8053475328,2016-04-19,12.4799995422363,9.22000026702881,0.310000002384186,2.95000004768372,0.0,3114
8053475328,2016-05-11,9.39999961853027,6.07999992370605,0.280000001192093,3.03999996185303,0.0,2809
8053475328,2016-04-12,14.1199998855591,11.6400003433228,0.389999985694885,2.09999990463257,0.0,3186
8053475328,2016-04-15,16.2399997711182,13.2600002288818,0.389999985694885,2.58999991416931,0.0,3410
8053475328,2016-04-29,9.64999961853027,6.17000007629395,0.310000002384186,3.17000007629395,0.0,2794
8053475328,2016-05-04,11.1499996185303,8.81999969482422,0.400000005960464,1.9099999666214,0.0,2918
8053475328,2016-04-25,15.6899995803833,11.3699998855591,0.46000000834465,3.85999989509583,0.0,3403
8053475328,2016-04-28,12.3999996185303,9.67000007629395,0.389999985694885,2.34999990463257,0.0,3062
8053475328,2016-05-05,11.5100002288818,8.85000038146973,0.449999988079071,2.21000003814697,0.0,2950
8053475328,2016-04-27,9.81999969482422,6.46000003814697,0.430000007152557,2.9300000667572,0.0,2852
8053475328,2016-05-10,11.3599996566772,9.09000015258789,0.419999986886978,1.85000002384186,0.0,2926
8053475328,2016-04-13,13.3500003814697,10.4300003051758,0.469999998807907,2.45000004768372,0.0,3140
8053475328,2016-05-09,9.38000011444092,6.11999988555908,0.569999992847443,2.69000005722046,0.0,2765
8053475328,2016-04-23,17.1900005340576,12.539999961853,0.629999995231628,4.01999998092651,0.0,3554
8053475328,2016-05-08,17.6499996185303,13.3999996185303,0.589999973773956,3.66000008583069,0.0,3589
8053475328,2016-05-06,11.0,9.10000038146973,0.689999997615814,1.21000003814697,0.0,2859
8053475328,2016-05-07,15.6700000762939,12.4399995803833,0.879999995231628,2.34999990463257,0.0,3331
8053475328,2016-04-17,13.6899995803833,9.23999977111816,0.800000011920929,3.64000010490417,0.0,3213
8053475328,2016-05-03,11.8999996185303,8.39000034332275,0.930000007152557,2.58999991416931,0.0,3023
8053475328,2016-04-24,17.9500007629395,13.1300001144409,1.54999995231628,3.25999999046326,0.0,3577
8053475328,2016-05-12,3.91000008583069,2.95000004768372,0.200000002980232,0.759999990463257,0.0,1505
1644430081,2016-04-14,8.02000045776367,0.360000014305115,2.55999994277954,5.09999990463257,0.0,3226
1644430081,2016-04-19,8.18000030517578,0.360000014305115,2.52999997138977,5.30000019073486,0.0,3300
1644430081,2016-04-28,6.84000015258789,0.200000002980232,2.3199999332428,4.30999994277954,0.0,3108
1644430081,2016-04-30,13.2399997711182,0.629999995231628,3.14000010490417,9.46000003814697,0.0,3846
1644430081,2016-05-03,9.34000015258789,0.720000028610229,4.09000015258789,4.53999996185303,0.0,3324
1644430081,2016-04-24,2.41000008583069,0.0,0.0,2.41000008583069,0.0,2413
1644430081,2016-04-27,2.20000004768372,0.0,0.0,2.20000004768372,0.0,2489
1644430081,2016-04-29,2.30999994277954,0.0,0.0,2.30999994277954,0.0,2498
1644430081,2016-05-08,4.8899998664856,0.0,0.0,4.88000011444092,0.0,2987
1644430081,2016-04-15,3.82999992370605,0.219999998807907,0.150000005960464,3.45000004768372,0.0,2750
1644430081,2016-05-02,2.73000001907349,0.0700000002980232,0.310000002384186,2.34999990463257,0.0,2580
1644430081,2016-04-17,6.36999988555908,2.25,0.569999992847443,3.54999995231628,0.0,3011
1644430081,2016-04-23,4.82999992370605,0.0,0.579999983310699,4.25,0.0,2677
1644430081,2016-04-13,5.82000017166138,2.27999997138977,0.899999976158142,2.64000010490417,0.0,2902
1644430081,2016-05-01,4.46000003814697,0.239999994635582,0.990000009536743,3.23000001907349,0.0,2696
1644430081,2016-04-18,5.19000005722046,1.07000005245209,1.66999995708466,2.45000004768372,0.0,2806
1644430081,2016-04-26,7.21000003814697,0.800000011920929,1.72000002861023,4.69000005722046,0.0,3123
1644430081,2016-04-16,11.1199998855591,4.09999990463257,1.87999999523163,5.09000015258789,0.0,3493
1644430081,2016-04-12,7.76999998092651,0.140000000596046,2.29999995231628,5.32999992370605,0.0,3199
1644430081,2016-04-25,2.59999990463257,0.589999973773956,0.0599999986588955,1.95000004768372,0.0,2497
4558609924,2016-04-12,3.39000010490417,0.0,0.0,3.39000010490417,0.0,1909
4558609924,2016-04-14,4.48999977111816,0.0,0.0,4.48999977111816,0.0,1922
4558609924,2016-04-20,3.17000007629395,0.0,0.0,3.17000007629395,0.0,1788
4558609924,2016-04-24,5.65999984741211,0.0,0.0,5.65000009536743,0.0,2173
4558609924,2016-05-01,2.26999998092651,0.0,0.0,2.26999998092651,0.0,1692
4558609924,2016-05-02,5.21999979019165,0.0,0.0,5.21999979019165,0.0,2066
4558609924,2016-05-04,3.46000003814697,0.0,0.0,3.46000003814697,0.0,1842
4558609924,2016-05-06,2.48000001907349,0.0,0.0,2.48000001907349,0.0,1722
4558609924,2016-05-12,4.17000007629395,0.0,0.0,4.17000007629395,0.0,1452
4558609924,2016-04-23,4.55000019073486,0.340000003576279,0.200000002980232,4.01000022888184,0.0,2085
4558609924,2016-04-13,3.28999996185303,1.24000000953674,0.439999997615814,1.61000001430511,0.0,1722
4558609924,2016-05-05,7.01000022888184,1.00999999046326,0.5,5.51000022888184,0.0,2262
4558609924,2016-04-19,3.5699999332428,0.0500000007450581,0.360000014305115,3.16000008583069,0.0,1876
4558609924,2016-04-25,5.34999990463257,0.589999973773956,0.25,4.51000022888184,0.0,2225
4558609924,2016-05-03,3.48000001907349,0.600000023841858,0.280000001192093,2.59999990463257,0.0,1953
4558609924,2016-04-28,6.25,0.0199999995529652,0.270000010728836,5.94999980926514,0.0,2185
4558609924,2016-04-16,4.82000017166138,0.550000011920929,0.75,3.5,0.0,1997
4558609924,2016-04-27,6.32000017166138,1.96000003814697,0.889999985694885,3.46000003814697,0.0,2098
4558609924,2016-04-18,5.90999984741211,0.980000019073486,0.930000007152557,4.0,0.0,2116
4558609924,2016-05-07,5.44000005722046,1.61000001430511,1.0,2.82999992370605,0.0,1973
4558609924,2016-05-10,4.25,0.740000009536743,1.12000000476837,2.39000010490417,0.0,1889
4558609924,2016-04-17,6.40000009536743,0.550000011920929,1.13999998569489,4.71000003814697,0.0,2117
4558609924,2016-04-21,9.07999992370605,0.419999986886978,0.970000028610229,7.69999980926514,0.0,2486
4558609924,2016-04-22,6.34999990463257,1.37000000476837,1.5,3.47000002861023,0.0,2094
4558609924,2016-04-29,5.17999982833862,1.01999998092651,1.85000002384186,2.30999994277954,0.0,1918
4558609924,2016-04-15,5.15000009536743,0.589999973773956,0.839999973773956,3.73000001907349,0.0,2121
4558609924,2016-05-09,7.57000017166138,0.430000007152557,1.62000000476837,5.51999998092651,0.0,2223
4558609924,2016-05-11,6.01999998092651,0.259999990463257,1.82000005245209,3.94000005722046,0.0,2131
4558609924,2016-04-26,6.05000019073486,0.430000007152557,2.02999997138977,3.58999991416931,0.0,2223
4558609924,2016-04-30,6.82000017166138,0.469999998807907,1.88999998569489,4.46000003814697,0.0,2105
4558609924,2016-05-08,4.32999992370605,1.79999995231628,0.5,2.01999998092651,0.0,2666
4319703577,2016-04-27,7.23000001907349,0.409999996423721,1.91999995708466,4.90999984741211,0.0,2324
4319703577,2016-04-12,5.19999980926514,0.0,0.0,0.0,0.0,2115
4319703577,2016-04-15,3.79999995231628,0.0,0.0,3.79999995231628,0.0,1985
4319703577,2016-04-16,3.1800000667572,0.0,0.0,3.1800000667572,0.0,1884
4319703577,2016-04-17,0.0199999995529652,0.0,0.0,0.0199999995529652,0.0,1464
4319703577,2016-04-19,5.98999977111816,0.0,0.0,5.98999977111816,0.0,2200
4319703577,2016-04-21,2.48000001907349,0.0,0.0,0.349999994039536,0.0,1792
4319703577,2016-04-23,3.30999994277954,0.0,0.0,3.30999994277954,0.0,1945
4319703577,2016-05-01,0.839999973773956,0.0,0.0,0.839999973773956,0.0,1593
4319703577,2016-05-08,2.46000003814697,0.0,0.0,2.46000003814697,0.0,1792
4319703577,2016-04-24,2.74000000953674,0.0599999986588955,0.200000002980232,2.47000002861023,0.0,1880
4319703577,2016-04-25,6.21000003814697,0.0,0.280000001192093,5.92999982833862,0.0,2314
4319703577,2016-04-28,7.28000020980835,1.00999999046326,0.330000013113022,5.94000005722046,0.0,2367
4319703577,2016-04-14,6.88000011444092,0.109999999403954,0.330000013113022,6.44000005722046,0.0,2302
4319703577,2016-04-18,1.54999995231628,0.0700000002980232,0.330000013113022,1.12000000476837,0.0,1632
4319703577,2016-05-02,6.23999977111816,0.0,0.439999997615814,5.71000003814697,0.0,2270
4319703577,2016-05-06,6.42000007629395,0.409999996423721,0.469999998807907,5.46000003814697,0.0,2266
4319703577,2016-05-10,6.36999988555908,0.209999993443489,0.46000000834465,5.69999980926514,0.0,2260
4319703577,2016-05-04,7.01999998092651,0.589999973773956,0.579999983310699,5.84999990463257,0.0,2282
4319703577,2016-05-09,6.96000003814697,0.140000000596046,0.560000002384186,6.25,0.0,2345
4319703577,2016-04-13,5.5,0.529999971389771,0.589999973773956,1.30999994277954,0.0,2135
4319703577,2016-04-20,6.01000022888184,0.0,0.680000007152557,5.30999994277954,0.0,2220
4319703577,2016-04-29,5.3600001335144,0.449999988079071,0.790000021457672,4.11999988555908,0.0,2175
4319703577,2016-05-11,6.13000011444092,0.200000002980232,0.740000009536743,5.17999982833862,0.0,2232
4319703577,2016-04-22,3.01999998092651,0.0599999986588955,0.810000002384186,2.15000009536743,0.0,1886
4319703577,2016-04-26,6.6399998664856,0.569999992847443,0.920000016689301,5.15000009536743,0.0,2236
4319703577,2016-05-03,6.46999979019165,0.579999983310699,1.07000005245209,4.82999992370605,0.0,2235
4319703577,2016-05-07,5.32999992370605,0.189999997615814,1.04999995231628,4.07999992370605,0.0,2158
4319703577,2016-05-05,9.48999977111816,2.63000011444092,1.4099999666214,5.44999980926514,0.0,2530
4319703577,2016-04-30,5.51999998092651,0.400000005960464,1.61000001430511,3.50999999046326,0.0,2092
4319703577,2016-05-12,0.00999999977648258,0.0,0.0,0.00999999977648258,0.0,257
2320127002,2016-04-16,3.41000008583069,0.0,0.0,3.40000009536743,0.0,1724
2320127002,2016-04-17,4.17999982833862,0.0,0.0,4.17999982833862,0.0,1852
2320127002,2016-04-22,3.75999999046326,0.0,0.0,3.75999999046326,0.0,1851
2320127002,2016-04-23,3.42000007629395,0.0,0.0,3.42000007629395,0.0,1804
2320127002,2016-04-24,2.80999994277954,0.0,0.0,2.79999995231628,0.0,1725
2320127002,2016-04-26,2.29999995231628,0.0,0.0,2.29999995231628,0.0,1632
2320127002,2016-04-27,1.1599999666214,0.0,0.0,1.1599999666214,0.0,1481
2320127002,2016-04-28,1.02999997138977,0.0,0.0,1.02999997138977,0.0,1473
2320127002,2016-04-29,0.620000004768372,0.0,0.0,0.620000004768372,0.0,1410
2320127002,2016-04-30,3.07999992370605,0.0,0.0,3.0699999332428,0.0,1779
2320127002,2016-05-01,0.519999980926514,0.0,0.0,0.519999980926514,0.0,1403
2320127002,2016-05-04,0.810000002384186,0.0,0.0,0.810000002384186,0.0,1426
2320127002,2016-05-06,3.28999996185303,0.0,0.0,3.28999996185303,0.0,1742
2320127002,2016-05-07,4.96999979019165,0.0,0.0,4.96999979019165,0.0,1972
2320127002,2016-05-08,3.48000001907349,0.0,0.0,3.47000002861023,0.0,1821
2320127002,2016-05-09,2.07999992370605,0.0,0.0,2.07999992370605,0.0,1630
2320127002,2016-05-10,4.19999980926514,0.0,0.0,4.19999980926514,0.0,1899
2320127002,2016-04-25,2.42000007629395,0.230000004172325,0.200000002980232,1.99000000953674,0.0,1654
2320127002,2016-05-02,2.45000004768372,0.360000014305115,0.209999993443489,1.87999999523163,0.0,1613
2320127002,2016-04-18,4.42000007629395,0.0,0.259999990463257,4.1399998664856,0.0,1905
2320127002,2016-04-12,7.48999977111816,1.16999995708466,0.310000002384186,6.01000022888184,0.0,2124
2320127002,2016-04-21,2.28999996185303,0.0599999986588955,0.419999986886978,1.80999994277954,0.0,1610
2320127002,2016-05-03,5.01999998092651,1.49000000953674,0.370000004768372,3.16000008583069,0.0,1878
2320127002,2016-04-19,4.03999996185303,0.0,0.379999995231628,3.66000008583069,0.0,1811
2320127002,2016-04-20,4.84999990463257,0.0,0.490000009536743,4.34000015258789,0.0,1922
2320127002,2016-04-15,3.50999999046326,0.0,0.0,3.50999999046326,0.0,1801
2320127002,2016-05-05,3.50999999046326,0.0,0.389999985694885,3.10999989509583,0.0,1780
2320127002,2016-05-12,1.78999996185303,0.0,0.0,1.78999996185303,0.0,1125
2320127002,2016-05-11,4.32999992370605,0.0,0.0,4.32999992370605,0.0,1903
2320127002,2016-04-14,2.6800000667572,0.0,0.0,2.6800000667572,0.0,1696
2320127002,2016-04-13,4.90000009536743,0.0,0.0,4.90000009536743,0.0,2003
1503960366,2016-04-24,6.40999984741211,2.92000007629395,0.209999993443489,3.27999997138977,0.0,1788
1503960366,2016-05-06,8.02999973297119,1.97000002861023,0.25,5.80999994277954,0.0,1896
1503960366,2016-04-21,6.34000015258789,1.3400000333786,0.349999994039536,4.65000009536743,0.0,1775
1503960366,2016-05-08,6.57999992370605,3.52999997138977,0.319999992847443,2.73000001907349,0.0,1740
1503960366,2016-04-16,8.15999984741211,2.71000003814697,0.409999996423721,5.03999996185303,0.0,1863
1503960366,2016-04-14,6.73999977111816,2.44000005722046,0.400000005960464,3.91000008583069,0.0,1776
1503960366,2016-04-27,12.210000038147,6.40000009536743,0.409999996423721,5.40999984741211,0.0,2159
1503960366,2016-05-09,7.71999979019165,3.45000004768372,0.529999971389771,3.74000000953674,0.0,1819
1503960366,2016-04-20,6.67999982833862,1.96000003814697,0.479999989271164,4.23999977111816,0.0,1786
1503960366,2016-04-29,7.15000009536743,1.05999994277954,0.5,5.57999992370605,0.0,1837
1503960366,2016-04-12,8.5,1.87999999523163,0.550000011920929,6.05999994277954,0.0,1985
1503960366,2016-04-25,9.80000019073486,5.28999996185303,0.569999992847443,3.94000005722046,0.0,2013
1503960366,2016-05-02,9.71000003814697,3.21000003814697,0.569999992847443,5.92000007629395,0.0,2004
1503960366,2016-04-18,8.59000015258789,3.25,0.639999985694885,4.71000003814697,0.0,1921
1503960366,2016-04-13,6.96999979019165,1.57000005245209,0.689999997615814,4.71000003814697,0.0,1797
1503960366,2016-04-17,6.48000001907349,3.19000005722046,0.779999971389771,2.50999999046326,0.0,1728
1503960366,2016-04-23,9.03999996185303,2.80999994277954,0.870000004768372,5.3600001335144,0.0,1949
1503960366,2016-05-04,7.15000009536743,2.46000003814697,0.870000004768372,3.8199999332428,0.0,1819
1503960366,2016-04-26,8.78999996185303,2.32999992370605,0.920000016689301,5.53999996185303,0.0,1970
1503960366,2016-05-11,8.13000011444092,2.55999994277954,1.00999999046326,4.55000019073486,0.0,1783
1503960366,2016-05-03,9.65999984741211,3.73000001907349,1.04999995231628,4.88000011444092,0.0,1990
1503960366,2016-05-05,8.89999961853027,2.92000007629395,1.08000004291534,4.88000011444092,0.0,1959
1503960366,2016-04-22,8.13000011444092,4.76000022888184,1.12000000476837,2.24000000953674,0.0,1827
1503960366,2016-04-28,8.52999973297119,3.53999996185303,1.1599999666214,3.78999996185303,0.0,1898
1503960366,2016-04-19,9.88000011444092,3.52999997138977,1.32000005245209,5.03000020980835,0.0,2035
1503960366,2016-05-10,7.76999998092651,3.34999990463257,1.1599999666214,3.25999999046326,0.0,1859
1503960366,2016-04-15,6.28000020980835,2.14000010490417,1.25999999046326,2.82999992370605,0.0,1745
1503960366,2016-04-30,9.25,3.55999994277954,1.41999995708466,4.26999998092651,0.0,1947
1503960366,2016-05-01,6.80999994277954,2.28999996185303,1.60000002384186,2.92000007629395,0.0,1820
1503960366,2016-05-07,7.71000003814697,2.46000003814697,2.11999988555908,3.13000011444092,0.0,1821
8877689391,2016-05-02,3.64000010490417,0.0,0.0,3.55999994277954,0.0,2189
8877689391,2016-04-24,15.7399997711182,11.0100002288818,0.00999999977648258,4.69000005722046,0.0,3455
8877689391,2016-05-12,6.11999988555908,1.82000005245209,0.0399999991059303,4.25,0.0,1849
8877689391,2016-04-26,8.43000030517578,1.75999999046326,0.129999995231628,6.5,0.0,2860
8877689391,2016-04-30,26.7199993133545,21.6599998474121,0.0799999982118607,4.92999982833862,0.0,4398
8877689391,2016-05-08,8.10999965667725,1.08000004291534,0.200000002980232,6.80000019073486,0.0,2847
8877689391,2016-04-18,8.67000007629395,2.44000005722046,0.270000010728836,5.94000005722046,0.0,2761
8877689391,2016-04-29,7.3899998664856,1.37999999523163,0.170000001788139,5.78999996185303,0.0,2698
8877689391,2016-04-12,20.3999996185303,12.2200002670288,0.340000003576279,7.82000017166138,0.0,3921
8877689391,2016-04-27,20.6499996185303,13.0699996948242,0.439999997615814,7.09999990463257,0.0,3808
8877689391,2016-04-28,11.3000001907349,4.92999982833862,0.379999995231628,5.96999979019165,0.0,3060
8877689391,2016-05-04,16.2999992370605,10.4200000762939,0.310000002384186,5.53000020980835,0.0,3477
8877689391,2016-05-10,8.14999961853027,1.35000002384186,0.46000000834465,6.28000020980835,0.0,2832
8877689391,2016-05-01,8.31999969482422,3.13000011444092,0.569999992847443,4.57000017166138,0.0,2786
8877689391,2016-05-11,19.5599994659424,13.2200002670288,0.409999996423721,5.8899998664856,0.0,3832
8877689391,2016-04-19,17.3999996185303,12.1499996185303,0.180000007152557,5.03000020980835,0.0,3676
8877689391,2016-04-21,17.6200008392334,12.289999961853,0.419999986886978,4.8899998664856,0.0,3659
8877689391,2016-04-17,8.86999988555908,0.0,0.0700000002980232,8.78999996185303,0.0,3545
8877689391,2016-05-05,10.6700000762939,5.46000003814697,0.819999992847443,4.36999988555908,0.0,3052
8877689391,2016-05-06,19.3400001525879,12.789999961853,0.28999999165535,6.15999984741211,0.0,4015
8877689391,2016-04-13,9.57999992370605,3.54999995231628,0.379999995231628,5.6399998664856,0.0,3566
8877689391,2016-04-20,18.1100006103516,11.0200004577637,0.689999997615814,6.34000015258789,0.0,3679
8877689391,2016-05-07,8.13000011444092,0.0799999982118607,0.959999978542328,6.98999977111816,0.0,4142
8877689391,2016-04-16,25.2900009155273,13.2399997711182,1.21000003814697,10.710000038147,0.0,4547
2347167796,2016-04-14,6.69999980926514,0.0199999995529652,2.74000000953674,3.94000005722046,0.0,2010
2347167796,2016-04-16,15.0799999237061,5.44999980926514,4.09999990463257,5.53000020980835,0.0,2670
2347167796,2016-04-20,7.26999998092651,0.680000007152557,1.80999994277954,4.78000020980835,0.0,2198
2347167796,2016-04-24,6.26000022888184,0.0,0.0,6.26000022888184,0.0,2187
2347167796,2016-04-26,3.95000004768372,0.0,0.0,3.95000004768372,0.0,1861
2347167796,2016-04-28,3.59999990463257,0.0,0.0,3.59999990463257,0.0,1854
2347167796,2016-04-29,0.0299999993294477,0.0,0.0,0.0299999993294477,0.0,403
2347167796,2016-04-17,3.61999988555908,0.0799999982118607,0.280000001192093,3.25999999046326,0.0,1882
2347167796,2016-04-19,4.44000005722046,0.0,0.0,4.44000005722046,0.0,2346
2347167796,2016-04-27,7.57999992370605,1.86000001430511,0.400000005960464,5.32000017166138,0.0,2194
2347167796,2016-04-25,6.38000011444092,1.26999998092651,0.519999980926514,4.59999990463257,0.0,2095
2347167796,2016-04-12,6.82999992370605,2.0,0.620000004768372,4.19999980926514,0.0,2344
2347167796,2016-04-18,5.44999980926514,0.790000021457672,0.860000014305115,3.78999996185303,0.0,1944
2347167796,2016-04-15,6.92000007629395,0.0700000002980232,1.41999995708466,5.42999982833862,0.0,2133
2347167796,2016-04-21,6.75,1.85000002384186,1.52999997138977,3.38000011444092,0.0,2048
2347167796,2016-04-22,5.15999984741211,0.560000002384186,1.67999994754791,2.92000007629395,0.0,1946
2347167796,2016-04-13,7.01000022888184,1.6599999666214,1.94000005722046,3.41000008583069,0.0,2038
2347167796,2016-04-23,11.3699998855591,2.77999997138977,1.45000004768372,7.15000009536743,0.0,2629
4388161847,2016-04-27,8.60999965667725,0.699999988079071,2.50999999046326,5.3899998664856,0.0,3074
4388161847,2016-04-30,9.64000034332275,0.699999988079071,2.0,6.94000005722046,0.0,3283
4388161847,2016-05-05,7.38000011444092,0.629999995231628,1.66999995708466,5.09000015258789,0.0,2899
4388161847,2016-05-06,10.1300001144409,2.10999989509583,2.08999991416931,5.92999982833862,0.0,3425
4388161847,2016-05-07,17.5400009155273,9.44999980926514,2.76999998092651,5.32999992370605,0.0,4022
4388161847,2016-04-12,7.78000020980835,0.0,0.0,0.0,0.0,2955
4388161847,2016-04-15,6.73000001907349,0.0,0.0,6.73000001907349,0.0,3066
4388161847,2016-04-17,3.57999992370605,0.0,0.0,3.57999992370605,0.0,2572
4388161847,2016-05-12,2.58999991416931,0.0,0.0,2.58999991416931,0.0,1623
4388161847,2016-05-02,8.39999961853027,3.76999998092651,0.0799999982118607,4.55000019073486,0.0,3147
4388161847,2016-04-23,10.1800003051758,4.5,0.319999992847443,5.34999990463257,0.0,3306
4388161847,2016-04-18,9.10000038146973,3.55999994277954,0.400000005960464,5.1399998664856,0.0,3274
4388161847,2016-04-24,7.88000011444092,1.08000004291534,0.509999990463257,6.30000019073486,0.0,2885
4388161847,2016-04-16,5.05999994277954,0.209999993443489,0.400000005960464,4.44999980926514,0.0,3073
4388161847,2016-04-28,7.75,1.28999996185303,0.430000007152557,6.03000020980835,0.0,2969
4388161847,2016-04-21,7.73000001907349,0.370000004768372,0.389999985694885,6.98000001907349,0.0,3069
4388161847,2016-04-13,8.44999980926514,0.0599999986588955,0.629999995231628,3.88000011444092,0.0,3092
4388161847,2016-05-10,7.92000007629395,0.810000002384186,0.649999976158142,6.46000003814697,0.0,3061
4388161847,2016-05-01,7.8899998664856,1.00999999046326,0.680000007152557,6.19999980926514,0.0,2926
4388161847,2016-04-19,7.82999992370605,1.37000000476837,0.689999997615814,5.76999998092651,0.0,3015
4388161847,2016-04-29,7.09999990463257,0.800000011920929,0.889999985694885,5.42000007629395,0.0,2979
4388161847,2016-05-03,9.78999996185303,1.12999999523163,0.779999971389771,7.88000011444092,0.0,3290
4388161847,2016-05-11,7.84000015258789,0.529999971389771,0.790000021457672,6.53000020980835,0.0,2954
4388161847,2016-05-09,7.8600001335144,0.340000003576279,0.730000019073486,6.78999996185303,0.0,3013
4388161847,2016-05-04,9.52000045776367,2.78999996185303,0.930000007152557,5.80000019073486,0.0,3162
4388161847,2016-04-26,7.28000020980835,0.939999997615814,1.05999994277954,5.26999998092651,0.0,2929
4388161847,2016-04-22,9.34000015258789,3.29999995231628,1.11000001430511,4.92000007629395,0.0,3544
4388161847,2016-04-25,9.97000026702881,0.730000019073486,1.39999997615814,7.84000015258789,0.0,3288
4388161847,2016-05-08,14.3800001144409,9.89000034332275,1.25999999046326,3.23000001907349,0.0,3934
4388161847,2016-04-20,8.11999988555908,1.10000002384186,1.72000002861023,5.28999996185303,0.0,3083
4388161847,2016-04-14,6.82000017166138,0.129999995231628,1.07000005245209,5.61999988555908,0.0,2998
6775888955,2016-04-20,7.71999979019165,3.76999998092651,1.74000000953674,2.22000002861023,0.0,3727
6775888955,2016-04-15,0.920000016689301,0.0,0.0,0.920000016689301,0.0,2127
6775888955,2016-04-22,0.46000000834465,0.0,0.0,0.46000000834465,0.0,1922
6775888955,2016-05-07,1.4099999666214,0.129999995231628,0.239999994635582,1.04999995231628,0.0,1032
6775888955,2016-04-25,4.6399998664856,2.26999998092651,0.46000000834465,1.89999997615814,0.0,2484
6775888955,2016-04-28,0.5,0.0599999986588955,0.200000002980232,0.239999994635582,0.0,1993
6775888955,2016-04-13,2.91000008583069,1.11000001430511,0.579999983310699,1.22000002861023,0.0,2400
6775888955,2016-04-16,3.39000010490417,2.51999998092651,0.810000002384186,0.0599999986588955,0.0,2225
6775888955,2016-04-24,1.53999996185303,0.769999980926514,0.620000004768372,0.150000005960464,0.0,2053
6775888955,2016-04-14,3.70000004768372,0.870000004768372,0.860000014305115,1.97000002861023,0.0,2507
6775888955,2016-04-26,5.26999998092651,3.48000001907349,0.870000004768372,0.730000019073486,0.0,2584
6775888955,2016-04-18,5.94999980926514,2.0,0.769999980926514,3.17000007629395,0.0,2798
6775888955,2016-05-01,1.77999997138977,0.479999989271164,0.620000004768372,0.680000007152557,0.0,2319
6775888955,2016-05-06,3.36999988555908,0.469999998807907,0.930000007152557,1.92999994754791,0.0,2496
6775888955,2016-04-30,1.78999996185303,0.159999996423721,0.159999996423721,1.48000001907349,0.0,2280
6775888955,2016-04-17,1.78999996185303,0.349999994039536,1.12999999523163,0.310000002384186,0.0,2067
6775888955,2016-05-03,0.00999999977648258,0.0,0.0,0.00999999977648258,0.0,1843
5553957443,2016-04-13,3.16000008583069,0.0,0.0,3.16000008583069,0.0,1718
5553957443,2016-04-16,3.76999998092651,0.0,0.0,3.76999998092651,0.0,1831
5553957443,2016-04-17,0.430000007152557,0.0,0.0,0.430000007152557,0.0,1397
5553957443,2016-04-18,2.4300000667572,0.0,0.0,2.4300000667572,0.0,1683
5553957443,2016-04-20,1.76999998092651,0.0,0.0,1.76999998092651,0.0,1570
5553957443,2016-04-23,2.69000005722046,0.0,0.0,2.6800000667572,0.0,1776
5553957443,2016-04-24,1.17999994754791,0.0,0.0,1.17999994754791,0.0,1507
5553957443,2016-04-30,0.779999971389771,0.0,0.0,0.779999971389771,0.0,1463
5553957443,2016-05-01,3.36999988555908,0.0,0.0,3.36999988555908,0.0,1747
5553957443,2016-05-04,2.76999998092651,0.0,0.0,2.76999998092651,0.0,1698
5553957443,2016-05-07,1.22000002861023,0.0,0.0,1.22000002861023,0.0,1494
5553957443,2016-05-11,3.22000002861023,0.0,0.0,3.22000002861023,0.0,1693
5553957443,2016-05-12,2.03999996185303,0.579999983310699,0.400000005960464,1.05999994277954,0.0,741
5553957443,2016-05-08,4.0,0.219999998807907,0.469999998807907,3.29999995231628,0.0,1762
5553957443,2016-05-02,6.38000011444092,1.05999994277954,0.409999996423721,4.90000009536743,0.0,1996
5553957443,2016-05-06,6.28999996185303,1.51999998092651,0.540000021457672,4.23000001907349,0.0,1916
5553957443,2016-04-12,7.57000017166138,1.37000000476837,0.790000021457672,5.40999984741211,0.0,2026
5553957443,2016-04-28,7.63000011444092,3.71000003814697,0.75,3.17000007629395,0.0,1999
5553957443,2016-04-29,8.32999992370605,2.78999996185303,0.639999985694885,4.90999984741211,0.0,2169
5553957443,2016-04-22,7.63000011444092,1.37999999523163,0.629999995231628,5.59999990463257,0.0,2105
5553957443,2016-04-27,6.88000011444092,1.13999998569489,1.0,4.73999977111816,0.0,1922
5553957443,2016-04-26,7.76000022888184,2.36999988555908,0.930000007152557,4.46000003814697,0.0,2093
5553957443,2016-05-09,7.57999992370605,2.13000011444092,0.889999985694885,4.55999994277954,0.0,2272
5553957443,2016-04-19,10.1099996566772,4.28000020980835,1.6599999666214,4.17999982833862,0.0,2284
5553957443,2016-05-03,8.39000034332275,1.5,1.20000004768372,5.67999982833862,0.0,2116
5553957443,2016-05-05,9.51000022888184,3.4300000667572,1.6599999666214,4.42999982833862,0.0,2156
5553957443,2016-04-15,10.8599996566772,4.15999984741211,1.98000001907349,4.71000003814697,0.0,2254
5553957443,2016-05-10,10.710000038147,3.86999988555908,1.61000001430511,5.19999980926514,0.0,2335
5553957443,2016-04-14,11.1199998855591,4.0,2.45000004768372,4.67000007629395,0.0,2324
5553957443,2016-04-21,8.0600004196167,2.95000004768372,2.16000008583069,2.96000003814697,0.0,2066
5553957443,2016-04-25,7.19000005722046,2.9300000667572,0.569999992847443,3.69000005722046,0.0,2033
3372868164,2016-04-25,4.09000015258789,0.0,0.0,4.09000015258789,0.0,2010
3372868164,2016-04-28,3.75999999046326,0.0,0.0,3.75999999046326,0.0,1972
3372868164,2016-05-01,2.09999990463257,0.0,0.0,2.08999991416931,0.0,1237
3372868164,2016-04-23,5.07000017166138,1.39999997615814,0.0799999982118607,3.57999992370605,0.0,1995
3372868164,2016-04-18,4.6399998664856,1.08000004291534,0.200000002980232,3.34999990463257,0.0,2014
7086361926,2016-04-19,7.28999996185303,3.52999997138977,1.23000001907349,2.50999999046326,0.0,2944
7086361926,2016-04-22,6.53000020980835,2.86999988555908,0.970000028610229,2.67000007629395,0.0,2846
7086361926,2016-04-28,7.80000019073486,2.78999996185303,1.63999998569489,3.35999989509583,0.0,2862
7086361926,2016-05-09,9.10999965667725,4.26000022888184,1.71000003814697,3.11999988555908,0.0,2960
7086361926,2016-04-23,1.80999994277954,0.0,0.0,1.79999995231628,0.0,1965
7086361926,2016-04-24,2.16000008583069,0.0,0.0,2.15000009536743,0.0,2049
7086361926,2016-05-12,2.55999994277954,0.379999995231628,0.270000010728836,1.88999998569489,0.0,1199
7086361926,2016-04-12,8.40999984741211,5.26999998092651,0.150000005960464,2.97000002861023,0.0,2772
7086361926,2016-04-21,6.17999982833862,1.36000001430511,0.300000011920929,4.51000022888184,0.0,2463
7086361926,2016-04-27,8.34000015258789,5.63000011444092,0.180000007152557,2.52999997138977,0.0,2693
7086361926,2016-05-04,8.3100004196167,5.28000020980835,0.119999997317791,2.90000009536743,0.0,2655
7086361926,2016-04-20,10.6400003433228,7.6399998664856,0.449999988079071,2.53999996185303,0.0,2997
7086361926,2016-05-05,5.59999990463257,1.77999997138977,0.829999983310699,2.95000004768372,0.0,2386
7086361926,2016-05-01,8.06999969482422,2.29999995231628,0.899999976158142,4.84999990463257,0.0,2730
7086361926,2016-04-30,9.40999984741211,3.11999988555908,1.03999996185303,5.23999977111816,0.0,2995
7086361926,2016-04-15,5.67000007629395,2.03999996185303,1.11000001430511,2.52999997138977,0.0,2395
7086361926,2016-05-10,10.789999961853,7.1100001335144,1.20000004768372,2.45000004768372,0.0,2800
7086361926,2016-04-13,3.61999988555908,0.560000002384186,0.209999993443489,2.83999991416931,0.0,2516
7086361926,2016-05-02,6.80999994277954,3.48000001907349,0.660000026226044,2.66000008583069,0.0,2754
7086361926,2016-05-08,7.09999990463257,2.30999994277954,1.52999997138977,3.25,0.0,2534
7086361926,2016-04-14,6.11999988555908,2.02999997138977,0.330000013113022,3.66000008583069,0.0,2734
7086361926,2016-04-26,7.07000017166138,4.15999984741211,0.769999980926514,2.11999988555908,0.0,2781
7086361926,2016-05-06,8.38000011444092,3.8199999332428,1.42999994754791,3.11999988555908,0.0,2924
7086361926,2016-05-03,6.76000022888184,2.74000000953674,0.850000023841858,3.16000008583069,0.0,2754
7086361926,2016-05-11,6.51999998092651,2.89000010490417,1.38999998569489,2.23000001907349,0.0,2735
7086361926,2016-05-07,8.47999954223633,1.46000003814697,2.32999992370605,4.67999982833862,0.0,2739
7086361926,2016-04-25,6.82000017166138,3.75,0.699999988079071,2.36999988555908,0.0,2752
7086361926,2016-04-29,4.94999980926514,0.490000009536743,0.449999988079071,4.0,0.0,2616
7086361926,2016-04-18,6.71000003814697,3.17000007629395,1.22000002861023,2.30999994277954,0.0,2743
7086361926,2016-04-16,0.00999999977648258,0.0,0.0,0.00999999977648258,0.0,1635
2873212765,2016-04-14,5.32000017166138,0.0,0.0,5.32000017166138,0.0,1893
2873212765,2016-04-19,5.36999988555908,0.0,0.0,5.3600001335144,0.0,1956
2873212765,2016-04-27,2.35999989509583,0.0,0.0,2.35999989509583,0.0,1966
2873212765,2016-05-04,5.55999994277954,0.0,0.0,5.55999994277954,0.0,2015
2873212765,2016-05-08,5.53999996185303,2.90000009536743,0.0,2.64000010490417,0.0,2096
2873212765,2016-05-09,5.19000005722046,0.0,0.0,5.19000005722046,0.0,1906
2873212765,2016-05-12,5.1100001335144,0.0,0.0,5.1100001335144,0.0,1431
2873212765,2016-04-24,4.67999982833862,3.0,0.0599999986588955,1.62000000476837,0.0,1898
2873212765,2016-04-26,5.53999996185303,0.119999997317791,0.180000007152557,5.23999977111816,0.0,1882
2873212765,2016-04-18,5.23999977111816,0.0700000002980232,0.280000001192093,4.8899998664856,0.0,1890
2873212765,2016-04-28,5.40999984741211,2.16000008583069,0.340000003576279,2.91000008583069,0.0,1835
2873212765,2016-04-17,1.70000004768372,0.0,0.349999994039536,1.3400000333786,0.0,1529
2873212765,2016-05-07,3.38000011444092,2.27999997138977,0.550000011920929,0.550000011920929,0.0,1897
2873212765,2016-05-01,4.96999979019165,0.490000009536743,1.03999996185303,3.44000005722046,0.0,1739
2873212765,2016-04-12,5.90999984741211,0.109999999403954,0.930000007152557,4.88000011444092,0.0,1982
2873212765,2016-05-05,5.6100001335144,0.779999971389771,0.800000011920929,4.03000020980835,0.0,1971
2873212765,2016-04-25,4.94999980926514,0.0,0.0,4.94999980926514,0.0,1907
2873212765,2016-04-29,4.94999980926514,1.36000001430511,1.4099999666214,2.1800000667572,0.0,1780
6290855005,2016-04-12,3.45000004768372,0.0,0.0,3.45000004768372,0.0,2560
6290855005,2016-04-22,4.71999979019165,0.0,0.0,4.71999979019165,0.0,2796
6290855005,2016-04-24,4.46000003814697,0.0,0.0,4.46000003814697,0.0,2703
6290855005,2016-05-03,4.57000017166138,0.0,0.0,4.57000017166138,0.0,2671
6290855005,2016-05-05,4.78999996185303,0.0,0.0,4.78999996185303,0.0,2682
6290855005,2016-05-07,4.17000007629395,0.0,0.0,4.15999984741211,0.0,2613
6290855005,2016-05-08,5.82999992370605,0.0,0.0,5.82000017166138,0.0,2712
6290855005,2016-04-17,5.94000005722046,1.13999998569489,0.790000021457672,4.0,0.0,3171
6290855005,2016-04-28,4.32999992370605,0.0,0.0,4.32999992370605,0.0,2687
5577150313,2016-04-15,9.07999992370605,3.92000007629395,1.60000002384186,3.55999994277954,0.0,4005
5577150313,2016-04-16,10.6599998474121,6.6399998664856,1.27999997138977,2.73000001907349,0.0,4274
5577150313,2016-04-17,9.14000034332275,5.98000001907349,0.829999983310699,2.3199999332428,0.0,4552
5577150313,2016-04-21,8.09000015258789,3.65000009536743,1.6599999666214,2.77999997138977,0.0,4018
5577150313,2016-04-24,11.7799997329712,7.65000009536743,2.15000009536743,1.98000001907349,0.0,4392
5577150313,2016-04-30,9.23999977111816,5.82999992370605,0.790000021457672,2.60999989509583,0.0,4501
5577150313,2016-05-01,9.98999977111816,5.30999994277954,1.44000005722046,3.24000000953674,0.0,4546
5577150313,2016-05-10,6.65000009536743,2.55999994277954,0.75,3.34999990463257,0.0,3841
5577150313,2016-05-03,8.25,4.51999998092651,0.150000005960464,3.5699999332428,0.0,3795
5577150313,2016-05-04,3.89000010490417,1.55999994277954,0.25,2.07999992370605,0.0,2755
5577150313,2016-04-13,3.78999996185303,0.319999992847443,0.219999998807907,3.25,0.0,2551
5577150313,2016-05-09,2.55999994277954,1.42999994754791,0.140000000596046,0.990000009536743,0.0,2489
5577150313,2016-05-11,3.03999996185303,1.83000004291534,0.300000011920929,0.889999985694885,0.0,1665
5577150313,2016-04-12,6.07999992370605,3.59999990463257,0.379999995231628,2.09999990463257,0.0,3405
5577150313,2016-04-20,6.21999979019165,4.11999988555908,0.340000003576279,1.75999999046326,0.0,3192
5577150313,2016-04-27,5.1399998664856,1.80999994277954,0.400000005960464,2.9300000667572,0.0,3294
5577150313,2016-05-06,3.70000004768372,1.92999994754791,0.319999992847443,1.45000004768372,0.0,2643
5577150313,2016-05-02,5.55999994277954,1.12000000476837,0.349999994039536,4.07000017166138,0.0,3014
5577150313,2016-05-05,5.6399998664856,2.5,0.469999998807907,2.67000007629395,0.0,3004
5577150313,2016-04-19,9.42000007629395,7.01999998092651,0.639999985694885,1.75999999046326,0.0,3501
5577150313,2016-04-23,5.71000003814697,1.21000003814697,0.360000014305115,4.1399998664856,0.0,3152
5577150313,2016-04-14,6.42000007629395,3.32999992370605,0.310000002384186,2.77999997138977,0.0,4022
5577150313,2016-04-22,6.84999990463257,2.42000007629395,0.790000021457672,3.29999995231628,0.0,3329
5577150313,2016-04-18,7.3899998664856,4.8600001335144,0.720000028610229,1.82000005245209,0.0,3625
5577150313,2016-04-26,3.98000001907349,0.850000023841858,0.649999976158142,2.47000002861023,0.0,3088
5577150313,2016-04-29,5.92000007629395,2.83999991416931,0.610000014305115,2.47000002861023,0.0,3544
5577150313,2016-04-25,4.78000020980835,1.35000002384186,0.670000016689301,2.75999999046326,0.0,3374
5577150313,2016-04-28,7.42999982833862,3.25,1.16999995708466,3.00999999046326,0.0,3580
4445114986,2016-04-12,2.20000004768372,0.0,0.0,2.20000004768372,0.0,2113
4445114986,2016-04-13,1.99000000953674,0.0,0.0,1.99000000953674,0.0,2095
4445114986,2016-04-14,2.67000007629395,0.0,0.0,2.67000007629395,0.0,2194
4445114986,2016-04-15,4.82999992370605,0.0,0.0,4.82999992370605,0.0,2496
4445114986,2016-04-16,2.65000009536743,0.0,0.0,2.65000009536743,0.0,2180
4445114986,2016-04-17,1.51999998092651,0.0,0.0,1.51999998092651,0.0,1933
4445114986,2016-04-19,1.38999998569489,0.0,0.0,1.38999998569489,0.0,1954
4445114986,2016-04-20,1.38999998569489,0.0,0.0,1.38999998569489,0.0,1974
4445114986,2016-04-21,2.55999994277954,0.0,0.0,2.53999996185303,0.0,2150
4445114986,2016-04-22,4.57999992370605,0.0,0.0,4.57999992370605,0.0,2432
4445114986,2016-04-23,2.9300000667572,0.0,0.0,2.9300000667572,0.0,2149
4445114986,2016-04-24,3.35999989509583,0.0,0.0,3.35999989509583,0.0,2247
4445114986,2016-04-25,2.26999998092651,0.0,0.0,2.26999998092651,0.0,2070
4445114986,2016-04-28,3.00999999046326,0.0,0.0,3.00999999046326,0.0,2203
4445114986,2016-04-29,3.14000010490417,0.0,0.0,3.13000011444092,0.0,2196
4445114986,2016-04-30,4.17999982833862,0.0,0.0,4.17999982833862,0.0,2363
4445114986,2016-05-04,1.96000003814697,0.0,0.0,1.96000003814697,0.0,2070
4445114986,2016-05-06,3.02999997138977,0.0,0.0,3.02999997138977,0.0,2211
4445114986,2016-05-09,3.53999996185303,0.0,0.0,3.53999996185303,0.0,2281
4445114986,2016-05-10,2.63000011444092,0.0,0.0,2.63000011444092,0.0,2181
4445114986,2016-05-12,0.519999980926514,0.0,0.0,0.519999980926514,0.0,1212
4445114986,2016-04-26,4.40999984741211,2.41000008583069,0.0399999991059303,1.96000003814697,0.0,2291
4445114986,2016-04-27,5.03000020980835,2.61999988555908,0.0299999993294477,2.38000011444092,0.0,2361
4445114986,2016-05-03,5.17999982833862,2.48000001907349,0.109999999403954,2.57999992370605,0.0,2421
4445114986,2016-05-02,4.75,2.21000003814697,0.189999997615814,2.34999990463257,0.0,2336
4445114986,2016-05-07,3.58999991416931,2.13000011444092,0.189999997615814,1.25,0.0,2123
4445114986,2016-04-18,4.23999977111816,2.0,0.28999999165535,1.95000004768372,0.0,2248
4445114986,2016-05-05,2.54999995231628,0.119999997317791,0.239999994635582,2.1800000667572,0.0,2120
4445114986,2016-05-11,6.1100001335144,2.25,1.0,2.85999989509583,0.0,2499
4445114986,2016-05-01,3.50999999046326,0.0,0.0,3.50999999046326,0.0,2246
4445114986,2016-05-08,4.90000009536743,0.0,0.25,4.65000009536743,0.0,2423
4020332650,2016-04-14,0.0799999982118607,0.0,0.0,0.0299999993294477,0.0,2011
4020332650,2016-04-18,0.0399999991059303,0.0,0.0,0.0399999991059303,0.0,1995
4020332650,2016-05-07,4.40000009536743,0.0,0.0,3.57999992370605,0.0,2975
4020332650,2016-05-08,4.19999980926514,0.0,0.0,4.15000009536743,0.0,3089
4020332650,2016-05-12,0.419999986886978,0.0,0.0,0.409999996423721,0.0,1120
4020332650,2016-05-09,3.26999998092651,0.200000002980232,0.119999997317791,2.94000005722046,0.0,2785
4020332650,2016-05-11,2.65000009536743,0.109999999403954,0.170000001788139,2.32999992370605,0.0,2645
4020332650,2016-05-02,0.340000003576279,0.0,0.0399999991059303,0.28999999165535,0.0,2207
4020332650,2016-04-12,6.11999988555908,0.150000005960464,0.239999994635582,5.67999982833862,0.0,3654
4020332650,2016-04-15,1.35000002384186,0.209999993443489,0.360000014305115,0.769999980926514,0.0,2951
4020332650,2016-04-16,1.41999995708466,0.449999988079071,0.370000004768372,0.589999973773956,0.0,3051
4020332650,2016-05-04,7.34999990463257,0.670000016689301,1.03999996185303,5.57999992370605,0.0,3879
4020332650,2016-04-17,0.00999999977648258,0.0,0.0,0.00999999977648258,0.0,1990
6117666160,2016-04-17,5.40000009536743,0.0,0.0,5.40000009536743,0.0,2225
6117666160,2016-04-19,8.40999984741211,0.0,0.0,8.40999984741211,0.0,2606
6117666160,2016-04-22,6.19999980926514,0.0,0.0,6.19999980926514,0.0,2409
6117666160,2016-04-23,8.68000030517578,0.0,0.0,8.68000030517578,0.0,2651
6117666160,2016-04-24,5.76000022888184,0.0,0.0,5.76000022888184,0.0,2305
6117666160,2016-04-27,7.1100001335144,0.0,0.0,7.1100001335144,0.0,2576
6117666160,2016-04-29,7.23999977111816,0.0,0.0,7.23999977111816,0.0,2560
6117666160,2016-04-30,5.28000020980835,0.0,0.0,5.28000020980835,0.0,2275
6117666160,2016-05-01,6.73000001907349,0.0,0.0,6.73000001907349,0.0,2361
6117666160,2016-05-02,3.73000001907349,0.0,0.0,3.73000001907349,0.0,2044
6117666160,2016-05-04,2.25999999046326,0.0,0.0,2.25999999046326,0.0,1902
6117666160,2016-05-05,7.40000009536743,0.0,0.0,7.40000009536743,0.0,2636
6117666160,2016-05-07,5.53999996185303,0.0,0.0,5.53999996185303,0.0,2469
6117666160,2016-05-08,5.53000020980835,0.0,0.0,5.53000020980835,0.0,2250
6117666160,2016-05-09,3.38000011444092,0.0,0.0,3.38000011444092,0.0,1248
6117666160,2016-04-15,10.5900001525879,0.0,0.280000001192093,10.3000001907349,0.0,2865
6117666160,2016-04-26,7.21000003814697,0.0,0.340000003576279,6.86999988555908,0.0,2450
6117666160,2016-04-20,8.02000045776367,2.02999997138977,0.479999989271164,5.51999998092651,0.0,2536
6117666160,2016-04-16,10.9099998474121,0.579999983310699,0.850000023841858,9.47999954223633,0.0,2828
6117666160,2016-04-21,15.0100002288818,0.980000019073486,0.400000005960464,5.61999988555908,0.0,4900
6117666160,2016-04-18,3.91000008583069,0.0,0.0,3.89000010490417,0.0,2018
6117666160,2016-04-28,2.59999990463257,0.0,0.0,2.59999990463257,0.0,1879
6117666160,2016-05-06,2.6800000667572,0.0,0.0,2.6800000667572,0.0,1838
8378563200,2016-04-17,1.69000005722046,0.0,0.0,1.69000005722046,0.0,2572
8378563200,2016-04-24,2.94000005722046,0.0,0.0,2.94000005722046,0.0,2741
8378563200,2016-04-30,2.33999991416931,0.0,0.0,2.33999991416931,0.0,2660
8378563200,2016-05-07,3.53999996185303,0.0,0.0,3.53999996185303,0.0,2799
8378563200,2016-05-08,2.32999992370605,0.0,0.0,2.32999992370605,0.0,2685
8378563200,2016-05-05,6.78999996185303,0.889999985694885,0.159999996423721,5.73999977111816,0.0,3783
8378563200,2016-04-27,5.84000015258789,0.330000013113022,0.180000007152557,5.32999992370605,0.0,3061
8378563200,2016-05-02,4.80999994277954,0.629999995231628,0.170000001788139,4.01000022888184,0.0,3491
8378563200,2016-05-06,5.59000015258789,1.54999995231628,0.25,3.77999997138977,0.0,3644
8378563200,2016-05-12,3.61999988555908,0.649999976158142,0.270000010728836,2.69000005722046,0.0,1976
8378563200,2016-04-20,7.44000005722046,2.23000001907349,0.439999997615814,4.78000020980835,0.0,3787
8378563200,2016-04-18,10.8100004196167,5.05000019073486,0.560000002384186,5.19999980926514,0.0,4157
8378563200,2016-04-23,4.53000020980835,1.51999998092651,0.519999980926514,2.48000001907349,0.0,2908
8378563200,2016-04-28,4.30000019073486,0.899999976158142,0.490000009536743,2.91000008583069,0.0,2884
8378563200,2016-05-01,9.0600004196167,6.03000020980835,0.560000002384186,2.47000002861023,0.0,3369
8378563200,2016-05-04,6.23999977111816,1.55999994277954,0.490000009536743,4.19999980926514,0.0,3110
8378563200,2016-05-11,7.25,1.38999998569489,0.589999973773956,5.26999998092651,0.0,3788
8378563200,2016-04-22,9.67000007629395,4.90999984741211,0.589999973773956,4.17999982833862,0.0,4044
8378563200,2016-05-09,6.65000009536743,1.26999998092651,0.660000026226044,4.71999979019165,0.0,3721
8378563200,2016-05-10,5.21999979019165,0.660000026226044,0.639999985694885,3.92000007629395,0.0,3586
8378563200,2016-04-13,9.81999969482422,4.96000003814697,0.649999976158142,4.21000003814697,0.0,4079
8378563200,2016-04-12,6.05000019073486,0.829999983310699,0.709999978542328,4.5,0.0,3635
8378563200,2016-04-21,12.0100002288818,6.90000009536743,0.819999992847443,4.28999996185303,0.0,4236
8378563200,2016-04-25,9.84000015258789,5.05000019073486,0.870000004768372,3.92000007629395,0.0,4005
8378563200,2016-04-26,12.8500003814697,7.51000022888184,0.920000016689301,4.42000007629395,0.0,3763
8378563200,2016-04-19,10.3599996566772,5.30000019073486,0.879999995231628,4.17999982833862,0.0,4092
8378563200,2016-05-03,6.90999984741211,1.3400000333786,1.05999994277954,4.5,0.0,3784
8378563200,2016-04-14,10.5600004196167,5.61999988555908,1.02999997138977,3.91000008583069,0.0,4163
8378563200,2016-04-16,8.89000034332275,5.36999988555908,1.07000005245209,2.44000005722046,0.0,3363
8378563200,2016-04-15,11.4700002670288,4.90999984741211,1.14999997615814,5.40999984741211,0.0,3666
8378563200,2016-04-29,4.90000009536743,0.25,0.360000014305115,4.26999998092651,0.0,2982
8583815059,2016-04-22,6.78000020980835,0.28999999165535,2.41000008583069,4.07999992370605,0.0,2944
8583815059,2016-04-23,7.34999990463257,0.529999971389771,2.02999997138977,4.75,0.0,3012
8583815059,2016-04-24,6.46000003814697,0.150000005960464,2.04999995231628,4.26999998092651,0.0,2889
8583815059,2016-04-26,8.1899995803833,0.0700000002980232,4.21999979019165,3.89000010490417,0.0,3093
8583815059,2016-04-29,11.8299999237061,3.90000009536743,3.0,4.92000007629395,0.0,3513
8583815059,2016-05-10,6.42999982833862,0.689999997615814,2.00999999046326,3.72000002861023,0.0,2846
8583815059,2016-05-11,6.78999996185303,0.370000004768372,3.24000000953674,3.17000007629395,0.0,2804
8583815059,2016-04-14,2.45000004768372,0.0,0.0,2.4300000667572,0.0,2443
8583815059,2016-04-16,4.15000009536743,0.0,0.0,0.0,0.0,2693
8583815059,2016-04-17,2.34999990463257,0.0,0.0,0.0,0.0,2439
8583815059,2016-05-02,6.6100001335144,0.0,0.0,0.0,0.0,2894
8583815059,2016-05-03,9.36999988555908,0.0,0.0,0.0,0.0,3212
8583815059,2016-05-04,2.79999995231628,0.0,0.0,0.0,0.0,2516
8583815059,2016-05-05,9.6899995803833,0.0,0.0,1.17999994754791,0.0,3266
8583815059,2016-05-07,4.76999998092651,0.0,0.0,4.76999998092651,0.0,2810
8583815059,2016-05-01,3.51999998092651,0.779999971389771,0.119999997317791,2.03999996185303,0.0,2596
8583815059,2016-05-09,7.69999980926514,5.76000022888184,0.170000001788139,1.73000001907349,0.0,2947
8583815059,2016-04-27,9.72999954223633,6.59999990463257,0.270000010728836,2.86999988555908,0.0,3142
8583815059,2016-04-19,4.44000005722046,0.529999971389771,0.479999989271164,3.44000005722046,0.0,2668
8583815059,2016-04-21,6.65999984741211,2.63000011444092,1.01999998092651,3.00999999046326,0.0,2883
8583815059,2016-04-18,3.00999999046326,0.310000002384186,1.05999994277954,1.35000002384186,0.0,2536
8583815059,2016-05-06,4.55999994277954,0.140000000596046,1.19000005722046,3.23000001907349,0.0,2683
8583815059,2016-04-13,4.34999990463257,0.150000005960464,0.970000028610229,3.23000001907349,0.0,2654
8583815059,2016-04-20,4.1100001335144,0.0,1.03999996185303,3.0699999332428,0.0,2647
8583815059,2016-04-28,4.82000017166138,0.0,1.20000004768372,3.60999989509583,0.0,2757
8583815059,2016-04-30,7.86999988555908,0.150000005960464,1.27999997138977,6.42999982833862,0.0,3164
8583815059,2016-05-08,7.19000005722046,0.219999998807907,3.30999994277954,3.66000008583069,0.0,2940
8583815059,2016-04-12,3.91000008583069,0.0,0.330000013113022,3.57999992370605,0.0,2650
8583815059,2016-04-25,3.50999999046326,1.47000002861023,0.239999994635582,1.80999994277954,0.0,2547
8583815059,2016-04-15,2.6800000667572,0.0,0.0,0.899999976158142,0.0,2505
2026352035,2016-04-13,3.09999990463257,0.0,0.0,3.09999990463257,0.0,1521
2026352035,2016-04-14,2.0699999332428,0.0,0.0,2.04999995231628,0.0,1431
2026352035,2016-04-15,2.36999988555908,0.0,0.0,2.36999988555908,0.0,1444
2026352035,2016-04-16,1.58000004291534,0.0,0.0,1.58000004291534,0.0,1373
2026352035,2016-04-17,0.519999980926514,0.0,0.0,0.519999980926514,0.0,1214
2026352035,2016-04-18,2.05999994277954,0.0,0.0,2.05999994277954,0.0,1419
2026352035,2016-04-19,1.5,0.0,0.0,1.5,0.0,1356
2026352035,2016-04-20,4.48000001907349,0.0,0.0,4.48000001907349,0.0,1667
2026352035,2016-04-21,1.52999997138977,0.0,0.0,1.52999997138977,0.0,1370
2026352035,2016-04-22,1.80999994277954,0.0,0.0,1.80999994277954,0.0,1399
2026352035,2016-04-23,7.71000003814697,0.0,0.0,7.71000003814697,0.0,1916
2026352035,2016-04-24,2.16000008583069,0.0,0.0,2.16000008583069,0.0,1401
2026352035,2016-04-25,3.73000001907349,0.0,0.0,3.73000001907349,0.0,1576
2026352035,2016-04-26,3.6800000667572,0.0,0.0,3.6800000667572,0.0,1595
2026352035,2016-04-27,3.76999998092651,0.0,0.0,3.76999998092651,0.0,1593
2026352035,2016-04-28,3.95000004768372,0.0,0.0,3.95000004768372,0.0,1649
2026352035,2016-04-29,4.71000003814697,0.0,0.0,4.71000003814697,0.0,1692
2026352035,2016-04-30,2.9300000667572,0.0,0.0,2.9300000667572,0.0,1506
2026352035,2016-05-01,2.27999997138977,0.0,0.0,2.27999997138977,0.0,1447
2026352035,2016-05-02,4.34999990463257,0.0,0.0,4.34999990463257,0.0,1690
2026352035,2016-05-03,3.72000002861023,0.0,0.0,3.72000002861023,0.0,1604
2026352035,2016-05-04,4.07000017166138,0.0,0.0,4.07000017166138,0.0,1658
2026352035,2016-05-05,7.53999996185303,0.0,0.0,7.53999996185303,0.0,1926
2026352035,2016-05-06,5.07999992370605,0.0,0.0,5.07999992370605,0.0,1736
2026352035,2016-05-08,3.45000004768372,0.0,0.0,3.45000004768372,0.0,1555
2026352035,2016-05-09,6.61999988555908,0.0,0.0,6.59999990463257,0.0,1869
2026352035,2016-05-10,0.159999996423721,0.0,0.0,0.159999996423721,0.0,1141
2026352035,2016-05-11,5.32000017166138,0.0,0.0,5.32000017166138,0.0,1698
2026352035,2016-05-12,5.51000022888184,0.0,0.0,5.51000022888184,0.0,1364
2026352035,2016-04-12,2.74000000953674,0.189999997615814,0.349999994039536,2.20000004768372,0.0,1459
2026352035,2016-05-07,2.59999990463257,0.0,0.0,2.59999990463257,0.0,1491
7007744171,2016-04-22,10.2399997711182,4.09999990463257,1.75999999046326,4.36999988555908,0.0,2889
7007744171,2016-04-15,3.52999997138977,0.0,0.0,3.52999997138977,0.0,2098
7007744171,2016-04-16,3.09999990463257,0.0,0.0,3.09999990463257,0.0,2076
7007744171,2016-04-17,5.3899998664856,0.0,0.0,5.3899998664856,0.0,2383
7007744171,2016-04-24,7.42000007629395,0.0,0.0,7.42000007629395,0.0,2667
7007744171,2016-04-30,2.51999998092651,0.0,0.0,2.51999998092651,0.0,2051
7007744171,2016-05-01,3.75,0.0,0.0,3.75,0.0,2225
7007744171,2016-04-14,8.23999977111816,2.95000004768372,0.340000003576279,4.96000003814697,0.0,2668
7007744171,2016-04-12,10.289999961853,4.5,0.379999995231628,5.40999984741211,0.0,2937
7007744171,2016-04-27,10.2200002670288,4.26999998092651,0.660000026226044,5.28999996185303,0.0,2830
7007744171,2016-05-06,7.67000007629395,3.0,0.810000002384186,3.85999989509583,0.0,2553
7007744171,2016-05-02,9.18000030517578,4.6399998664856,0.699999988079071,3.82999992370605,0.0,2642
7007744171,2016-04-28,10.1199998855591,1.0900000333786,0.769999980926514,8.26000022888184,0.0,2836
7007744171,2016-04-19,10.4799995422363,4.40999984741211,0.759999990463257,5.30999994277954,0.0,2812
7007744171,2016-04-13,9.64999961853027,4.6100001335144,0.560000002384186,4.48000001907349,0.0,2742
7007744171,2016-04-26,10.1000003814697,0.930000007152557,0.939999997615814,8.22999954223633,0.0,2939
7007744171,2016-05-05,11.1000003814697,4.32999992370605,1.28999996185303,5.48000001907349,0.0,2933
7007744171,2016-04-25,13.3400001525879,4.30999994277954,1.37000000476837,7.67000007629395,0.0,3055
7007744171,2016-04-23,5.40999984741211,0.129999995231628,1.12999999523163,4.15000009536743,0.0,2284
7007744171,2016-05-03,10.8699998855591,4.48000001907349,1.01999998092651,5.3600001335144,0.0,2976
7007744171,2016-04-20,11.3100004196167,4.78999996185303,0.670000016689301,5.8600001335144,0.0,3096
7007744171,2016-04-21,9.1899995803833,2.15000009536743,1.87000000476837,5.17000007629395,0.0,2763
7007744171,2016-04-29,14.3000001907349,4.30999994277954,2.04999995231628,7.94999980926514,0.0,3180
1927972279,2016-04-12,0.469999998807907,0.0,0.0,0.469999998807907,0.0,2220
1927972279,2016-04-13,0.25,0.0,0.0,0.25,0.0,2151
1927972279,2016-04-15,0.680000007152557,0.0,0.0,0.680000007152557,0.0,2221
1927972279,2016-04-18,0.170000001788139,0.0,0.0,0.170000001788139,0.0,2111
1927972279,2016-04-22,0.100000001490116,0.0,0.0,0.100000001490116,0.0,2093
1927972279,2016-04-23,2.03999996185303,0.0,0.0,2.03999996185303,0.0,2499
1927972279,2016-04-25,0.109999999403954,0.0,0.0,0.109999999403954,0.0,2100
1927972279,2016-04-28,1.1599999666214,0.0,0.0,1.1599999666214,0.0,2351
1927972279,2016-05-03,0.920000016689301,0.730000019073486,0.0,0.180000007152557,0.0,2195
1927972279,2016-05-04,1.24000000953674,0.0,0.0,1.24000000953674,0.0,2338
1927972279,2016-05-06,1.45000004768372,0.0,0.0,1.45000004768372,0.0,2383
1927972279,2016-05-07,1.03999996185303,0.0,0.0,1.03999996185303,0.0,2229
1927972279,2016-05-01,1.87000000476837,1.00999999046326,0.0299999993294477,0.829999983310699,0.0,2411
1927972279,2016-04-24,1.45000004768372,0.0700000002980232,0.239999994635582,1.13999998569489,0.0,2324
1927972279,2016-05-02,2.61999988555908,1.1599999666214,0.300000011920929,1.1599999666214,0.0,2505
1927972279,2016-04-14,1.5,0.0,0.400000005960464,1.10000002384186,0.0,2383
1927972279,2016-04-26,2.59999990463257,0.0,0.0,2.59999990463257,0.0,2638
2022484408,2016-04-20,10.6700000762939,3.33999991416931,1.92999994754791,5.40000009536743,0.0,2897
2022484408,2016-05-09,9.39000034332275,2.11999988555908,1.62999999523163,5.6399998664856,0.0,2709
2022484408,2016-04-23,4.21000003814697,0.0,0.0,4.21000003814697,0.0,2069
2022484408,2016-05-08,2.30999994277954,0.0,0.0,2.30999994277954,0.0,1848
2022484408,2016-05-07,4.71000003814697,1.61000001430511,0.0799999982118607,3.01999998092651,0.0,1995
2022484408,2016-04-14,7.5,2.48000001907349,0.209999993443489,4.82000017166138,0.0,2312
2022484408,2016-04-18,10.0699996948242,3.64000010490417,0.119999997317791,6.30000019073486,0.0,2770
2022484408,2016-04-13,8.5,2.99000000953674,0.100000001490116,5.40999984741211,0.0,2601
2022484408,2016-04-19,8.52999973297119,3.28999996185303,0.239999994635582,5.0,0.0,2489
2022484408,2016-04-25,8.01000022888184,3.32999992370605,0.219999998807907,4.46000003814697,0.0,2470
2022484408,2016-05-02,7.28999996185303,2.60999989509583,0.340000003576279,4.32999992370605,0.0,2473
2022484408,2016-04-15,8.02999973297119,1.94000005722046,0.310000002384186,5.78000020980835,0.0,2525
2022484408,2016-04-22,9.32999992370605,4.42999982833862,0.419999986886978,4.46999979019165,0.0,2638
2022484408,2016-04-16,7.09000015258789,3.15000009536743,0.550000011920929,3.39000010490417,0.0,2177
2022484408,2016-04-12,8.34000015258789,3.30999994277954,0.769999980926514,4.26000022888184,0.0,2390
2022484408,2016-05-12,6.40999984741211,1.27999997138977,0.670000016689301,4.44000005722046,0.0,1853
2022484408,2016-05-06,7.17999982833862,1.87000000476837,0.670000016689301,4.6399998664856,0.0,2498
2022484408,2016-04-27,7.13000011444092,1.03999996185303,0.970000028610229,5.11999988555908,0.0,2463
2022484408,2016-04-28,7.11999988555908,0.409999996423721,1.33000004291534,5.3899998664856,0.0,2296
2022484408,2016-05-05,8.35000038146973,2.78999996185303,0.860000014305115,4.69999980926514,0.0,2609
2022484408,2016-04-30,12.9099998474121,0.939999997615814,1.39999997615814,10.5699996948242,0.0,2732
2022484408,2016-05-11,9.31999969482422,4.17999982833862,1.14999997615814,3.99000000953674,0.0,2544
2022484408,2016-04-24,10.2799997329712,4.55000019073486,1.14999997615814,4.57999992370605,0.0,2529
2022484408,2016-05-04,8.28999996185303,2.50999999046326,0.930000007152557,4.84999990463257,0.0,2649
2022484408,2016-05-01,7.40000009536743,1.94000005722046,0.959999978542328,4.5,0.0,2380
2022484408,2016-05-10,8.97999954223633,2.22000002861023,1.21000003814697,5.55999994277954,0.0,2797
2022484408,2016-04-17,11.3999996185303,3.86999988555908,0.660000026226044,6.88000011444092,0.0,2782
2022484408,2016-04-26,7.19000005722046,1.42999994754791,0.660000026226044,5.1100001335144,0.0,2793
2022484408,2016-04-29,7.19000005722046,0.479999989271164,1.21000003814697,5.5,0.0,2611
2022484408,2016-04-21,8.73999977111816,3.32999992370605,1.11000001430511,4.30999994277954,0.0,3158
2022484408,2016-05-03,8.73999977111816,3.99000000953674,0.46000000834465,4.28000020980835,0.0,2752
8792009665,2016-04-23,3.35999989509583,0.159999996423721,0.439999997615814,2.75,0.0,2748
8792009665,2016-04-12,1.63999998569489,0.0,0.0,1.63999998569489,0.0,2044
8792009665,2016-04-13,0.839999973773956,0.0,0.0,0.839999973773956,0.0,1934
8792009665,2016-04-14,0.779999971389771,0.0,0.0,0.779999971389771,0.0,1963
8792009665,2016-04-15,1.5900000333786,0.0,0.0,1.5900000333786,0.0,2009
8792009665,2016-04-16,0.159999996423721,0.0,0.0,0.159999996423721,0.0,1721
8792009665,2016-04-21,0.0900000035762787,0.0,0.0,0.0900000035762787,0.0,1720
8792009665,2016-04-26,0.850000023841858,0.0,0.0,0.850000023841858,0.0,1928
8792009665,2016-04-27,1.12999999523163,0.0,0.0,1.12999999523163,0.0,2067
8792009665,2016-04-28,3.94000005722046,0.0,0.0,3.94000005722046,0.0,2780
8792009665,2016-05-01,1.03999996185303,0.0,0.0,1.03999996185303,0.0,1962
8792009665,2016-05-02,1.16999995708466,0.0,0.0,1.16999995708466,0.0,2015
8792009665,2016-05-03,1.54999995231628,0.0,0.0,1.54999995231628,0.0,2297
8792009665,2016-05-04,1.46000003814697,0.0,0.0,1.46000003814697,0.0,2067
8792009665,2016-04-24,0.259999990463257,0.0399999991059303,0.0500000007450581,0.159999996423721,0.0,1799
8792009665,2016-04-20,2.00999999046326,0.0,0.280000001192093,1.74000000953674,0.0,2188
8792009665,2016-04-29,5.34999990463257,0.140000000596046,0.280000001192093,4.92999982833862,0.0,3101
8792009665,2016-04-30,4.59000015258789,0.330000013113022,0.360000014305115,3.91000008583069,0.0,2896
8792009665,2016-04-22,2.59999990463257,0.0500000007450581,0.280000001192093,2.26999998092651,0.0,2419
6962181067,2016-05-02,8.53999996185303,1.20000004768372,2.0,5.34000015258789,0.0,2162
6962181067,2016-04-14,1.02999997138977,0.0,0.0,1.02999997138977,0.0,1466
6962181067,2016-04-15,3.6800000667572,0.0,0.0,3.6800000667572,0.0,1756
6962181067,2016-04-24,3.3199999332428,0.0,0.0,3.3199999332428,0.0,1705
6962181067,2016-05-01,3.60999989509583,0.0,0.0,3.60999989509583,0.0,1740
6962181067,2016-05-07,4.5,0.0,0.0,4.5,0.0,1947
6962181067,2016-04-20,9.55000019073486,4.28000020980835,0.189999997615814,5.09000015258789,0.0,2174
6962181067,2016-04-26,6.90000009536743,2.57999992370605,0.419999986886978,3.90000009536743,0.0,2012
6962181067,2016-05-11,4.44000005722046,1.49000000953674,0.310000002384186,2.65000009536743,0.0,1855
6962181067,2016-04-28,8.35000038146973,2.50999999046326,0.239999994635582,5.59000015258789,0.0,2182
6962181067,2016-05-12,2.36999988555908,0.0,0.25,2.10999989509583,0.0,928
6962181067,2016-04-12,6.73999977111816,3.40000009536743,0.829999983310699,2.50999999046326,0.0,1994
6962181067,2016-05-08,2.76999998092651,0.0,0.519999980926514,2.25,0.0,1659
6962181067,2016-04-29,7.1100001335144,0.819999992847443,0.479999989271164,5.80999994277954,0.0,2254
6962181067,2016-04-30,6.65999984741211,2.24000000953674,0.759999990463257,3.67000007629395,0.0,2002
6962181067,2016-05-09,8.72000026702881,3.90000009536743,1.17999994754791,3.65000009536743,0.0,2105
6962181067,2016-05-05,6.96000003814697,0.990000009536743,1.1599999666214,4.80999994277954,0.0,2066
6962181067,2016-04-13,3.74000000953674,0.569999992847443,1.21000003814697,1.96000003814697,0.0,1718
6962181067,2016-04-22,7.09000015258789,1.76999998092651,1.54999995231628,3.76999998092651,0.0,2086
6962181067,2016-05-10,10.210000038147,3.47000002861023,1.75,4.98999977111816,0.0,2361
6962181067,2016-05-03,8.11999988555908,1.74000000953674,2.03999996185303,4.32999992370605,0.0,2072
6962181067,2016-04-19,7.09999990463257,2.09999990463257,2.13000011444092,2.86999988555908,0.0,2046
6962181067,2016-04-23,13.2399997711182,4.19999980926514,2.0,7.03999996185303,0.0,2571
6962181067,2016-04-18,7.53999996185303,0.829999983310699,2.39000010490417,4.32000017166138,0.0,2039
6962181067,2016-05-06,3.91000008583069,0.0,0.0,3.91000008583069,0.0,1850
6962181067,2016-04-27,6.82000017166138,0.550000011920929,2.01999998092651,4.25,0.0,2034
6962181067,2016-04-17,6.71000003814697,0.330000013113022,0.680000007152557,5.69000005722046,0.0,2027
6962181067,2016-05-04,6.71000003814697,0.469999998807907,1.67999994754791,4.55000019073486,0.0,2086
6962181067,2016-04-16,8.73999977111816,3.66000008583069,0.189999997615814,4.88000011444092,0.0,2173
4057192912,2016-04-12,4.03000020980835,0.0,0.0,3.94000005722046,0.0,2286
4057192912,2016-04-13,4.46999979019165,0.0,0.0,4.36999988555908,0.0,2306
4057192912,2016-04-15,2.95000004768372,0.209999993443489,0.259999990463257,2.44000005722046,0.0,1527
3977333714,2016-04-16,9.0,2.02999997138977,4.0,2.97000002861023,0.0,1625
3977333714,2016-04-17,6.96999979019165,0.699999988079071,2.34999990463257,3.92000007629395,0.0,1529
3977333714,2016-04-19,8.77999973297119,2.24000000953674,2.45000004768372,3.96000003814697,0.0,1638
3977333714,2016-04-20,7.82999992370605,0.200000002980232,4.34999990463257,3.27999997138977,0.0,1554
3977333714,2016-04-23,8.06999969482422,0.0,4.21999979019165,3.84999990463257,0.0,1638
3977333714,2016-04-30,9.19999980926514,3.69000005722046,2.09999990463257,3.41000008583069,0.0,1650
3977333714,2016-05-02,11.0500001907349,1.53999996185303,6.48000001907349,3.01999998092651,0.0,1760
3977333714,2016-05-04,9.4399995803833,1.80999994277954,4.57999992370605,2.89000010490417,0.0,1628
3977333714,2016-05-05,8.57999992370605,1.75999999046326,4.1100001335144,2.71000003814697,0.0,1618
3977333714,2016-05-06,8.27999973297119,3.10999989509583,2.50999999046326,2.67000007629395,0.0,1590
3977333714,2016-05-07,7.73000001907349,0.0,4.13000011444092,3.58999991416931,0.0,1574
3977333714,2016-05-08,9.09000015258789,0.680000007152557,5.23999977111816,3.17000007629395,0.0,1633
3977333714,2016-05-09,10.0799999237061,0.769999980926514,5.59999990463257,3.54999995231628,0.0,1667
3977333714,2016-05-10,8.77999973297119,0.0700000002980232,5.40000009536743,3.30999994277954,0.0,1630
3977333714,2016-04-21,4.07999992370605,0.0,0.0,4.05999994277954,0.0,1397
3977333714,2016-05-11,0.5,0.370000004768372,0.0,0.129999995231628,0.0,52
3977333714,2016-04-28,4.88000011444092,1.37000000476837,0.28999999165535,3.22000002861023,0.0,1407
3977333714,2016-04-25,8.47999954223633,5.61999988555908,0.430000007152557,2.41000008583069,0.0,1570
3977333714,2016-04-27,5.03999996185303,0.0,0.419999986886978,4.61999988555908,0.0,1377
3977333714,2016-04-22,5.96000003814697,2.32999992370605,0.579999983310699,3.05999994277954,0.0,1481
3977333714,2016-04-12,5.98000001907349,3.05999994277954,0.910000026226044,2.00999999046326,0.0,1450
3977333714,2016-04-14,5.1100001335144,0.319999992847443,0.970000028610229,3.8199999332428,0.0,1433
3977333714,2016-04-29,7.75,3.74000000953674,1.29999995231628,2.71000003814697,0.0,1545
3977333714,2016-05-01,7.07000017166138,2.67000007629395,1.98000001907349,2.41000008583069,0.0,1501
3977333714,2016-05-03,9.59000015258789,3.3199999332428,1.74000000953674,4.53000020980835,0.0,1710
3977333714,2016-04-15,6.05999994277954,1.04999995231628,1.75,3.25999999046326,0.0,1468
3977333714,2016-04-18,7.80000019073486,0.25,3.73000001907349,3.8199999332428,0.0,1584
3977333714,2016-04-24,10.0,3.26999998092651,4.55999994277954,2.17000007629395,0.0,1655
3977333714,2016-04-26,7.61999988555908,0.449999988079071,4.21999979019165,2.95000004768372,0.0,1551
3977333714,2016-04-13,6.71000003814697,2.02999997138977,2.13000011444092,2.54999995231628,0.0,1495
4702921684,2016-04-17,10.289999961853,0.959999978542328,3.46000003814697,5.88000011444092,0.0,3394
4702921684,2016-04-23,12.2700004577637,0.759999990463257,3.24000000953674,8.27000045776367,0.0,3691
4702921684,2016-05-08,10.4300003051758,0.680000007152557,6.21000003814697,3.53999996185303,0.0,3287
4702921684,2016-05-10,8.60999965667725,0.0799999982118607,1.87999999523163,6.65000009536743,0.0,3172
4702921684,2016-04-12,5.88000011444092,0.0,0.0,5.84999990463257,0.0,2947
4702921684,2016-04-13,5.57999992370605,0.0,0.0,5.57999992370605,0.0,2898
4702921684,2016-04-14,6.36999988555908,0.0,0.0,6.36999988555908,0.0,2984
4702921684,2016-04-22,1.35000002384186,0.0,0.0,1.35000002384186,0.0,2241
4702921684,2016-05-03,7.67000007629395,0.0,0.0,7.67000007629395,0.0,3145
4702921684,2016-05-12,2.23000001907349,0.0,0.0,2.23000001907349,0.0,1240
4702921684,2016-05-05,6.98999977111816,0.670000016689301,0.219999998807907,6.09000015258789,0.0,3006
4702921684,2016-04-15,5.28000020980835,0.0700000002980232,0.419999986886978,4.78999996185303,0.0,2896
4702921684,2016-04-19,5.44000005722046,0.879999995231628,0.370000004768372,4.19000005722046,0.0,2812
4702921684,2016-04-28,7.32000017166138,1.12999999523163,0.419999986886978,5.76999998092651,0.0,3033
4702921684,2016-05-09,6.67999982833862,0.0,0.569999992847443,6.09999990463257,0.0,2990
4702921684,2016-04-25,7.42999982833862,0.490000009536743,0.819999992847443,6.1100001335144,0.0,3064
4702921684,2016-05-04,6.61999988555908,0.340000003576279,0.730000019073486,5.53999996185303,0.0,3004
4702921684,2016-04-27,5.71999979019165,0.0900000035762787,0.800000011920929,4.78000020980835,0.0,2908
4702921684,2016-05-06,5.63000011444092,0.0799999982118607,0.660000026226044,4.86999988555908,0.0,2859
4702921684,2016-04-29,8.05000019073486,1.05999994277954,0.920000016689301,6.07000017166138,0.0,3165
4702921684,2016-04-16,9.02999973297119,0.239999994635582,1.25,7.53999996185303,0.0,3328
4702921684,2016-04-20,7.13000011444092,0.159999996423721,1.23000001907349,5.73000001907349,0.0,3061
4702921684,2016-04-18,7.38000011444092,1.82000005245209,1.49000000953674,4.07000017166138,0.0,3013
4702921684,2016-04-30,8.22999954223633,0.319999992847443,2.02999997138977,5.88000011444092,0.0,3115
4702921684,2016-05-02,5.92000007629395,0.379999995231628,1.74000000953674,3.75999999046326,0.0,2859
4702921684,2016-04-21,5.30000019073486,0.310000002384186,2.04999995231628,2.94000005722046,0.0,2729
4702921684,2016-05-11,7.96000003814697,0.779999971389771,2.16000008583069,4.98000001907349,0.0,3069
4702921684,2016-05-07,11.6499996185303,0.370000004768372,2.30999994277954,8.97000026702881,0.0,3683
4702921684,2016-04-24,12.2200002670288,1.20000004768372,5.11999988555908,5.88000011444092,0.0,3538
4702921684,2016-04-26,4.94999980926514,0.0700000002980232,0.349999994039536,4.53999996185303,0.0,2784
1844505072,2016-04-12,4.42999982833862,0.0,0.0,4.42999982833862,0.0,2030
1844505072,2016-04-13,3.25999999046326,0.0,0.0,3.25999999046326,0.0,1860
1844505072,2016-04-14,5.25,0.0,0.0,5.23000001907349,0.0,2130
1844505072,2016-04-15,2.53999996185303,0.0,0.0,2.53999996185303,0.0,1725
1844505072,2016-04-16,2.25999999046326,0.0,0.0,2.25999999046326,0.0,1657
1844505072,2016-04-19,0.129999995231628,0.0,0.0,0.129999995231628,0.0,1366
1844505072,2016-04-22,3.54999995231628,0.0,0.0,3.54999995231628,0.0,1827
1844505072,2016-04-23,2.35999989509583,0.0,0.0,2.35999989509583,0.0,1645
1844505072,2016-04-28,4.57000017166138,0.0,0.0,4.55999994277954,0.0,1992
1844505072,2016-04-29,3.25,0.0,0.0,3.25,0.0,1856
1844505072,2016-04-30,2.67000007629395,0.0,0.0,2.65000009536743,0.0,1763
1844505072,2016-05-04,1.37000000476837,0.0,0.0,1.37000000476837,0.0,1549
1844505072,2016-05-05,1.48000001907349,0.0,0.0,1.48000001907349,0.0,1589
1844505072,2016-05-06,0.0299999993294477,0.0,0.0,0.0299999993294477,0.0,1351
1844505072,2016-05-01,1.70000004768372,0.0,0.259999990463257,1.45000004768372,0.0,1541
1844505072,2016-04-17,2.99000000953674,0.140000000596046,0.259999990463257,2.58999991416931,0.0,1793
1844505072,2016-04-18,3.03999996185303,0.0,0.479999989271164,2.55999994277954,0.0,1814
1844505072,2016-04-21,5.32000017166138,0.119999997317791,0.519999980926514,4.67999982833862,0.0,2062
1844505072,2016-05-03,2.6800000667572,0.0,0.0,2.6800000667572,0.0,1742
1844505072,2016-04-20,0.00999999977648258,0.0,0.0,0.00999999977648258,0.0,1349
1624580081,2016-04-12,5.30999994277954,0.0,0.0,5.30999994277954,0.0,1432
1624580081,2016-04-13,4.55000019073486,0.0,0.0,4.55000019073486,0.0,1411
1624580081,2016-04-15,0.980000019073486,0.0,0.0,0.970000028610229,0.0,1344
1624580081,2016-04-16,3.49000000953674,0.0,0.0,3.49000000953674,0.0,1463
1624580081,2016-04-19,1.89999997615814,0.0,0.0,1.89999997615814,0.0,1435
1624580081,2016-04-20,3.23000001907349,0.0,0.0,3.23000001907349,0.0,1446
1624580081,2016-04-22,2.61999988555908,0.0,0.0,2.59999990463257,0.0,1470
1624580081,2016-04-29,1.54999995231628,0.0,0.0,1.54999995231628,0.0,1404
1624580081,2016-05-04,1.42999994754791,0.0,0.0,1.41999995708466,0.0,1368
1624580081,2016-05-07,1.37000000476837,0.0,0.0,1.37000000476837,0.0,1474
1624580081,2016-05-08,2.23000001907349,0.0,0.0,2.22000002861023,0.0,1427
1624580081,2016-05-09,1.12999999523163,0.0,0.0,1.12999999523163,0.0,1328
1624580081,2016-05-11,2.03999996185303,0.0,0.0,2.03999996185303,0.0,1359
1624580081,2016-05-02,4.92999982833862,0.860000014305115,0.589999973773956,3.47000002861023,0.0,1497
1624580081,2016-04-24,3.95000004768372,1.14999997615814,0.910000026226044,1.88999998569489,0.0,1617
1624580081,2016-04-27,5.44000005722046,1.11000001430511,1.87000000476837,2.46000003814697,0.0,1670
1624580081,2016-04-28,1.78999996185303,0.0,0.200000002980232,1.60000002384186,0.0,1401
8253242879,2016-04-25,4.51000022888184,0.360000014305115,2.39000010490417,1.76999998092651,0.0,1909
8253242879,2016-04-15,1.76999998092651,0.0,0.0,1.75999999046326,0.0,1632
8253242879,2016-04-19,2.77999997138977,0.0,0.0,2.77999997138977,0.0,1763
8253242879,2016-04-22,1.87000000476837,0.0,0.0,1.87000000476837,0.0,1651
8253242879,2016-04-12,7.15999984741211,5.42999982833862,0.140000000596046,1.5900000333786,0.0,2044
8253242879,2016-04-24,7.13000011444092,5.59999990463257,0.189999997615814,1.3400000333786,0.0,1976
8253242879,2016-04-17,7.90999984741211,5.42999982833862,0.150000005960464,2.32999992370605,0.0,2112
8253242879,2016-04-27,8.18000030517578,6.23999977111816,0.230000004172325,1.70000004768372,0.0,2008
8253242879,2016-04-13,6.09999990463257,4.17000007629395,0.629999995231628,1.30999994277954,0.0,1935
8253242879,2016-04-26,3.03999996185303,1.17999994754791,0.490000009536743,1.37000000476837,0.0,1813
8253242879,2016-04-29,4.26000022888184,1.28999996185303,0.540000021457672,2.40000009536743,0.0,1854
8253242879,2016-04-14,3.46000003814697,1.92999994754791,0.990000009536743,0.540000021457672,0.0,1705
8253242879,2016-04-18,3.48000001907349,1.03999996185303,0.629999995231628,1.79999995231628,0.0,1829
8253242879,2016-04-28,1.79999995231628,0.670000016689301,0.779999971389771,0.340000003576279,0.0,1580
8253242879,2016-04-21,8.5600004196167,5.88000011444092,0.930000007152557,1.75,0.0,2218
8253242879,2016-04-23,6.26000022888184,2.08999991416931,1.03999996185303,3.13000011444092,0.0,2132
8253242879,2016-04-16,6.1399998664856,0.430000007152557,3.26999998092651,2.45000004768372,0.0,1880
1644430081,2016-05-04,1.67999994754791,0.0,0.0,1.6599999666214,0.0199999995529652,2222
1644430081,2016-05-06,7.11999988555908,0.819999992847443,0.270000010728836,6.01000022888184,0.0199999995529652,3328
8877689391,2016-04-14,18.9799995422363,10.5500001907349,0.589999973773956,7.75,0.0199999995529652,3793
3372868164,2016-04-15,5.07999992370605,0.0,0.0,5.05999994277954,0.0199999995529652,1908
3372868164,2016-04-19,5.26000022888184,0.0,0.0,5.23999977111816,0.0199999995529652,1985
3372868164,2016-04-20,3.32999992370605,0.839999973773956,0.0900000035762787,2.38000011444092,0.0199999995529652,1867
3372868164,2016-04-24,4.59000015258789,0.889999985694885,0.189999997615814,3.49000000953674,0.0199999995529652,1921
3372868164,2016-04-13,6.63000011444092,0.990000009536743,0.340000003576279,5.26999998092651,0.0199999995529652,2093
2873212765,2016-05-02,5.05999994277954,0.0,0.209999993443489,4.82999992370605,0.0199999995529652,1878
2873212765,2016-04-13,5.11999988555908,0.0,0.219999998807907,4.88000011444092,0.0199999995529652,2004
2873212765,2016-04-22,4.90000009536743,0.46000000834465,0.0,4.42000007629395,0.0199999995529652,2241
6290855005,2016-04-18,5.21000003814697,0.0,0.0,5.19000005722046,0.0199999995529652,2766
6290855005,2016-05-02,5.13000011444092,0.0,0.0,5.1100001335144,0.0199999995529652,2725
6290855005,2016-05-09,4.75,0.0,0.0,4.73000001907349,0.0199999995529652,2175
6290855005,2016-05-01,7.44000005722046,0.660000026226044,2.75,4.0,0.0199999995529652,3327
7007744171,2016-04-18,10.9799995422363,3.78999996185303,2.11999988555908,5.05000019073486,0.0199999995529652,2832
1624580081,2016-05-01,28.0300006866455,21.9200000762939,4.19000005722046,1.9099999666214,0.0199999995529652,2690
1624580081,2016-04-21,4.13000011444092,0.0,0.0,4.1100001335144,0.0199999995529652,1467
1624580081,2016-04-25,4.21999979019165,0.0,0.0,4.19999980926514,0.0199999995529652,1492
1624580081,2016-05-03,1.37000000476837,0.0,0.0,1.3400000333786,0.0199999995529652,1334
1624580081,2016-05-05,1.61000001430511,0.0,0.0,1.58000004291534,0.0199999995529652,1370
3372868164,2016-04-16,4.73000001907349,0.0,0.0,4.69999980926514,0.0299999993294477,1908
6290855005,2016-04-14,5.80000019073486,0.0,0.0,5.76999998092651,0.0299999993294477,2952
6290855005,2016-04-27,4.21000003814697,0.0,0.0,4.17999982833862,0.0299999993294477,2743
6290855005,2016-05-06,4.61999988555908,0.0,0.0,4.59000015258789,0.0299999993294477,2806
1644430081,2016-04-20,1.76999998092651,0.0,0.0,1.75999999046326,0.00999999977648258,2430
1644430081,2016-04-21,0.889999985694885,0.0,0.0,0.879999995231628,0.00999999977648258,2140
1644430081,2016-04-22,2.67000007629395,0.0,0.0,2.66000008583069,0.00999999977648258,2344
1644430081,2016-05-11,0.970000028610229,0.0,0.0,0.949999988079071,0.00999999977648258,1276
1644430081,2016-05-09,4.82999992370605,2.39000010490417,0.349999994039536,2.08999991416931,0.00999999977648258,3008
1644430081,2016-05-05,3.19000005722046,0.519999980926514,0.540000021457672,2.13000011444092,0.00999999977648258,2463
1644430081,2016-05-07,9.72000026702881,3.25999999046326,0.790000021457672,5.67000007629395,0.00999999977648258,3404
1644430081,2016-05-10,6.65999984741211,0.879999995231628,0.810000002384186,4.96999979019165,0.00999999977648258,2799
8877689391,2016-04-15,7.17000007629395,0.0500000007450581,0.0500000007450581,7.01000022888184,0.00999999977648258,3934
8877689391,2016-05-03,8.21000003814697,1.38999998569489,0.100000001490116,6.67000007629395,0.00999999977648258,2817
8877689391,2016-04-23,7.42999982833862,0.0,0.0,7.40000009536743,0.00999999977648258,3891
8877689391,2016-04-25,8.73999977111816,2.36999988555908,0.0700000002980232,6.26999998092651,0.00999999977648258,3802
3372868164,2016-04-12,3.24000000953674,0.0,0.0,3.23000001907349,0.00999999977648258,1788
3372868164,2016-04-22,2.61999988555908,0.0,0.0,2.60999989509583,0.00999999977648258,1669
3372868164,2016-04-29,6.23000001907349,0.0,0.0,6.21999979019165,0.00999999977648258,2044
3372868164,2016-04-17,5.88000011444092,1.4099999666214,0.100000001490116,4.3600001335144,0.00999999977648258,1964
3372868164,2016-04-26,5.78999996185303,1.85000002384186,0.0500000007450581,3.86999988555908,0.00999999977648258,2057
3372868164,2016-04-30,3.57999992370605,1.05999994277954,0.0900000035762787,2.42000007629395,0.00999999977648258,1946
3372868164,2016-04-21,6.07000017166138,1.14999997615814,0.259999990463257,4.6399998664856,0.00999999977648258,2124
3372868164,2016-04-27,5.42000007629395,1.58000004291534,0.629999995231628,3.19000005722046,0.00999999977648258,2095
3372868164,2016-04-14,6.03000020980835,0.340000003576279,1.02999997138977,4.65000009536743,0.00999999977648258,2065
2873212765,2016-04-15,5.69999980926514,0.0,0.0,5.69000005722046,0.00999999977648258,2063
2873212765,2016-05-10,5.55999994277954,0.0,0.0,5.55000019073486,0.00999999977648258,1962
2873212765,2016-04-16,6.65000009536743,3.10999989509583,0.0199999995529652,3.50999999046326,0.00999999977648258,2148
2873212765,2016-04-20,6.30000019073486,1.50999999046326,0.119999997317791,4.65999984741211,0.00999999977648258,2094
2873212765,2016-04-23,6.34999990463257,2.08999991416931,0.230000004172325,4.01999998092651,0.00999999977648258,2021
2873212765,2016-05-06,4.75,0.0,0.119999997317791,4.6100001335144,0.00999999977648258,1910
2873212765,2016-05-03,4.98000001907349,0.0599999986588955,0.25,4.65999984741211,0.00999999977648258,1906
2873212765,2016-04-21,5.98000001907349,0.129999995231628,0.370000004768372,5.46999979019165,0.00999999977648258,1970
2873212765,2016-04-30,5.67999982833862,0.330000013113022,1.08000004291534,4.26000022888184,0.00999999977648258,1830
2873212765,2016-05-11,4.32999992370605,0.0,0.0,4.32000017166138,0.00999999977648258,1826
6290855005,2016-04-13,5.40000009536743,0.0,0.0,5.3899998664856,0.00999999977648258,2905
6290855005,2016-04-15,7.17999982833862,0.0,0.0,7.17000007629395,0.00999999977648258,2896
6290855005,2016-04-16,6.28000020980835,0.0,0.0,6.26999998092651,0.00999999977648258,2783
6290855005,2016-04-19,5.40000009536743,0.0,0.0,5.3899998664856,0.00999999977648258,2839
6290855005,2016-04-20,4.80999994277954,0.0,0.0,4.80000019073486,0.00999999977648258,2701
6290855005,2016-04-30,5.09999990463257,0.0,0.0,5.09000015258789,0.00999999977648258,2843
6290855005,2016-05-04,4.40999984741211,0.0,0.0,4.40000009536743,0.00999999977648258,2718
6290855005,2016-04-25,5.90000009536743,0.680000007152557,0.180000007152557,5.03000020980835,0.00999999977648258,2771
4020332650,2016-05-06,3.13000011444092,0.0,0.0,3.09999990463257,0.00999999977648258,2704
1624580081,2016-04-14,5.92000007629395,0.0,0.0,5.90999984741211,0.00999999977648258,1572
1624580081,2016-04-23,5.55000019073486,0.0,0.0,5.53999996185303,0.00999999977648258,1562
1624580081,2016-04-26,1.8400000333786,0.0,0.0,1.83000004291534,0.00999999977648258,1402
1624580081,2016-05-06,1.12000000476837,0.0,0.0,1.12000000476837,0.00999999977648258,1341
1624580081,2016-05-10,1.92999994754791,0.0,0.0,1.91999995708466,0.00999999977648258,1393
1624580081,2016-05-12,1.92999994754791,0.0,0.0,1.91999995708466,0.00999999977648258,1002
1624580081,2016-04-18,7.40999984741211,2.15000009536743,0.620000004768372,4.61999988555908,0.00999999977648258,1604
1624580081,2016-04-17,4.05999994277954,1.02999997138977,1.51999998092651,1.49000000953674,0.00999999977648258,1554
1624580081,2016-04-30,4.30000019073486,0.899999976158142,1.27999997138977,2.11999988555908,0.00999999977648258,1655
8253242879,2016-04-20,4.26999998092651,0.330000013113022,0.819999992847443,3.10999989509583,0.00999999977648258,1931
